segment,E,N,U
map,-125.57794004678726,125.31663133529946,-2.509529948234558
map,-125.73328214883804,125.13302995590493,-2.5177334547042847
map,-125.89788633584976,124.93677141098306,-2.5254162549972534
map,-126.07337766885757,124.72926713852212,-2.533251166343689
map,-126.26034361124039,124.51153184799477,-2.5431331396102905
map,-126.45605283975601,124.28150560287759,-2.5503543615341187
map,-126.66164976358414,124.04014207748696,-2.5584367513656616
map,-126.87812620401382,123.78804399399087,-2.5686944723129272
map,-127.10383421182632,123.5253563108854,-2.5762985944747925
map,-127.33921629190445,123.2520408811979,-2.5885761976242065
map,-127.58456999063492,122.96951677231118,-2.601488471031189
map,-127.83859831094742,122.67753984360024,-2.6148489713668823
map,-128.1009731888771,122.3770179930143,-2.625452399253845
map,-128.37044340372086,122.06794359115884,-2.636405348777771
map,-128.6475277543068,121.75109483627602,-2.653183341026306
map,-128.93143278360367,121.42643358139321,-2.6681703329086304
map,-129.2207699418068,121.09394456772134,-2.678827166557312
map,-129.51810270547867,120.75640489486977,-2.685308337211609
map,-129.82095915079117,120.41273118881509,-2.691013216972351
map,-130.1288509964943,120.06361772445962,-2.6969302892684937
map,-130.44136625528336,119.71016313461587,-2.7028907537460327
map,-130.75765043497086,119.35237504867837,-2.7085474729537964
map,-131.0775356888771,118.99032976059243,-2.7130478620529175
map,-131.40186125040054,118.62527849106118,-2.717948794364929
map,-131.73038297891617,118.2572899046354,-2.7239941358566284
map,-132.0624447464943,117.8864402952604,-2.729678511619568
map,-132.39586454629898,117.51124956039712,-2.7334240674972534
map,-132.73137480020523,117.13245775131509,-2.7396920919418335
map,-133.07027250528336,116.75224687485024,-2.74500834941864
map,-133.41216093301773,116.37158586410806,-2.751913905143738
map,-133.75516325235367,115.99048234848306,-2.7553776502609253
map,-134.0980435013771,115.60815812973306,-2.755956530570984
map,-134.4398403763771,115.22421647934243,-2.757996439933777
map,-134.7823696732521,114.84011461166665,-2.765659213066101
map,-135.12633329629898,114.45678331283852,-2.7745083570480347
map,-135.47057157754898,114.07305528549477,-2.778767466545105
map,-135.81526762247086,113.68912889389321,-2.7825897932052612
map,-136.1601772904396,113.30421068100259,-2.7886561155319214
map,-136.5056362748146,112.91861345199868,-2.794063925743103
map,-136.85230070352554,112.53239824203774,-2.7982295751571655
map,-137.19995695352554,112.14594652084634,-2.803913950920105
map,-137.5498715043068,111.75993730453774,-2.8109039068222046
map,-137.90003019571304,111.37234117416665,-2.8184412717819214
map,-138.25176054239273,110.9837532225065,-2.8251532316207886
map,-138.6028500199318,110.59262468246743,-2.8324555158615112
map,-138.95454984903336,110.19982530502602,-2.83755099773407
map,-139.30933195352554,109.80767442611977,-2.840640425682068
map,-139.66573148965836,109.41436387924477,-2.844854235649109
map,-140.02364164590836,109.01938249496743,-2.852333903312683
map,-140.38162809610367,108.621570605319,-2.858479857444763
map,-140.7406216263771,108.22245408920571,-2.8667362928390503
map,-141.10222440958023,107.8232078733854,-2.8771246671676636
map,-141.46446806192398,107.42227556137368,-2.8872817754745483
map,-141.82762724161148,107.01989366440102,-2.8995670080184937
map,-142.19255644083023,106.61671831039712,-2.911192774772644
map,-142.55606657266617,106.21099473861977,-2.9169429540634155
map,-142.91887480020523,105.80323411850259,-2.920242190361023
map,-143.2840023636818,105.39650346664712,-2.9222925901412964
map,-143.64932829141617,104.98841478256509,-2.926897406578064
map,-144.01505094766617,104.579578417819,-2.9349230527877808
map,-144.3817806839943,104.16933824447915,-2.9405230283737183
map,-144.74939543008804,103.75862504867837,-2.944135069847107
map,-145.1181851029396,103.34645463852212,-2.9487417936325073
map,-145.48705106973648,102.93326188949868,-2.952125906944275
map,-145.8565121293068,102.51810838608071,-2.960119605064392
map,-146.22722440958023,102.10225297836587,-2.969394087791443
map,-146.5974789261818,101.68436815170571,-2.979503035545349
map,-146.97014433145523,101.26631547836587,-2.988829016685486
map,-147.34323698282242,100.84711839584634,-2.996242880821228
map,-147.71524626016617,100.42630388168618,-3.0030540227890015
map,-148.0870571732521,100.00367357162759,-3.0084203481674194
map,-148.45999723672867,99.58127977279946,-3.0131396055221558
map,-148.83481413125992,99.15966417221352,-3.024896502494812
map,-149.20879179239273,98.73694230942056,-3.0334123373031616
map,-149.58225065469742,98.3138084593229,-3.0403565168380737
map,-149.9561215043068,97.89131547836587,-3.049019694328308
map,-150.32979398965836,97.46986772445962,-3.0529202222824097
map,-150.70213896036148,97.05036546615884,-3.0557984113693237
map,-151.07320219278336,96.63362504867837,-3.059684157371521
map,-151.43872648477554,96.21760942367837,-3.0646837949752808
map,-151.80164152383804,95.803211230319,-3.0689738988876343
map,-152.16438871622086,95.39213182358071,-3.0729655027389526
map,-152.52666288614273,94.98255540756509,-3.075796961784363
map,-152.88675504922867,94.57264329819009,-3.076440215110779
map,-153.24576383829117,94.16328813461587,-3.078731894493103
map,-153.60594755411148,93.75644304184243,-3.085409998893738
map,-153.96629911661148,93.3513832273893,-3.0924166440963745
map,-154.32541471719742,92.94658281235024,-3.09608256816864
map,-154.68367582559586,92.5423240843229,-3.0998867750167847
map,-155.04099088907242,92.1395149412565,-3.1002553701400757
map,-155.39978605508804,91.7406654539518,-3.096181273460388
map,-155.75839811563492,91.343250292819,-3.0927966833114624
map,-156.11459928750992,90.94652940658852,-3.0911887884140015
map,-156.46921354532242,90.55207445053384,-3.0873712301254272
map,-156.82134062051773,90.15880968002602,-3.082548499107361
map,-157.17053800821304,89.76772691635415,-3.0771220922470093
map,-157.51689726114273,89.38016893295571,-3.0749939680099487
map,-157.8608608841896,88.99755479721352,-3.070821166038513
map,-158.20162016153336,88.61960985092446,-3.063094973564148
map,-158.53955656290054,88.24617387680337,-3.055380702018738
map,-158.87303739786148,87.87673570541665,-3.0507835149765015
map,-159.20175749063492,87.51149370102212,-3.043676733970642
map,-159.52632719278336,87.1488914671354,-3.033873438835144
map,-159.84898954629898,86.78979112533852,-3.023501753807068
map,-160.17105680704117,86.43485643295571,-3.0159939527511597
map,-160.49141508340836,86.08220292953774,-3.0104411840438843
map,-160.8088589310646,85.73084642319009,-3.0029462575912476
map,-161.12460905313492,85.38047410873696,-2.9944289922714233
map,-161.44006925821304,85.03174974350259,-2.985984206199646
map,-161.75525480508804,84.68373491195962,-2.977587103843689
map,-162.06885343790054,84.33545305160806,-2.969018816947937
map,-162.38147550821304,83.98707200912759,-2.9644097089767456
map,-162.69284635782242,83.63886644272134,-2.9609850645065308
map,-163.0047054886818,83.29125596908852,-2.959957480430603
map,-163.31746488809586,82.9442024412565,-2.958896517753601
map,-163.6301479935646,82.59624864486977,-2.9590219259262085
map,-163.94377714395523,82.24975969223306,-2.9590009450912476
map,-164.2563686966896,81.90539934067056,-2.952513098716736
map,-164.5634976029396,81.55990983871743,-2.939473032951355
map,-164.8673763871193,81.21586992172524,-2.9290531873703003
map,-165.17139250040054,80.87565233139321,-2.923679232597351
map,-165.47403532266617,80.53858568100259,-2.9190677404403687
map,-165.77629667520523,80.20596696762368,-2.914305567741394
map,-166.0755062699318,79.87550737289712,-2.915274500846863
map,-166.3684750199318,79.54117204574868,-2.920005679130554
map,-166.65988737344742,79.20716478256509,-2.9262365102767944
map,-166.95224577188492,78.8753547850065,-2.9330753087997437
map,-167.24480253458023,78.54402543930337,-2.9412115812301636
map,-167.53677946329117,78.21306230453774,-2.9457048177719116
map,-167.82431608438492,77.87930681137368,-2.9467958211898804
map,-168.10611540079117,77.54274370102212,-2.951666235923767
map,-168.3864193558693,77.20682908920571,-2.95382297039032
map,-168.6640072464943,76.87022020248696,-2.9539483785629272
map,-168.9386654496193,76.5320701780729,-2.9612897634506226
map,-169.20749479532242,76.19115831283852,-2.968279242515564
map,-169.46907621622086,75.84516527084634,-2.9726990461349487
map,-169.72849088907242,75.4981346311979,-2.9699586629867554
map,-169.98454862833023,75.1487693968229,-2.9674867391586304
map,-170.23520475625992,74.79609300522134,-2.9663809537887573
map,-170.48015409708023,74.441150683444,-2.9620660543441772
map,-170.71721464395523,74.08135606674477,-2.9583100080490112
map,-170.9485073685646,73.7173729124479,-2.9642027616500854
map,-171.17659574747086,73.35036088852212,-2.975619673728943
map,-171.3979702591896,72.9794349852018,-2.9857343435287476
map,-171.61148649454117,72.60450364975259,-2.9914711713790894
map,-171.8168392777443,72.226306933444,-2.9954060316085815
map,-172.01505094766617,71.84569932846352,-2.9986661672592163
map,-172.20602995157242,71.46225358871743,-3.0022352933883667
map,-172.38728910684586,71.07554246811196,-3.006851553916931
map,-172.55771452188492,70.68409349350259,-3.0116761922836304
map,-172.71825224161148,70.29034044174477,-3.015464663505554
map,-172.86687284708023,69.89442064194009,-3.0181668996810913
map,-173.00481230020523,69.4971351805143,-3.0210198163986206
map,-173.13220793008804,69.09876634506509,-3.0237873792648315
map,-173.24597746133804,68.69902421860024,-3.0259045362472534
map,-173.3452816605568,68.29855729965493,-3.028905749320984
map,-173.42992216348648,67.8982582273893,-3.031182646751404
map,-173.50015836954117,67.49858476547524,-3.030422568321228
map,-173.5548763871193,67.1000404539518,-3.0285991430282593
map,-173.59216886758804,66.70267106918618,-3.026934504508972
map,-173.61449247598648,66.30826951889321,-3.0251492261886597
map,-173.62094694375992,65.91781999496743,-3.022119402885437
map,-173.61168485879898,65.53237535385415,-3.0185216665267944
map,-173.58878141641617,65.15227891830727,-3.0146254301071167
map,-173.54845243692398,64.7790184202604,-3.0109232664108276
map,-173.49028593301773,64.41347124008462,-3.0075820684432983
map,-173.41820341348648,64.05498887924477,-3.0057567358016968
map,-173.3320980668068,63.703434008639306,-3.004878878593445
map,-173.23103910684586,63.359588641207665,-3.002930521965027
map,-173.11478239297867,63.022972125094384,-3.0024813413619995
map,-172.9834652543068,62.69477083114907,-3.0026148557662964
map,-172.83635526895523,62.37599565414712,-3.002837061882019
map,-172.6762142777443,62.06520463852212,-3.0033077001571655
map,-172.50230985879898,61.76169969467446,-3.001958727836609
map,-172.3125210404396,61.4679718199186,-2.999071478843689
map,-172.1089077591896,61.18389131454751,-2.995780825614929
map,-171.8933773636818,60.907928484957665,-2.9918445348739624
map,-171.66365629434586,60.64167024521157,-2.9886430501937866
map,-171.42131620645523,60.38610078720376,-2.9863370656967163
map,-171.16873747110367,60.142276782076806,-2.98488986492157
map,-170.9039517045021,59.9121971311979,-2.982845187187195
map,-170.62744718790054,59.69756318954751,-2.979263663291931
map,-170.3416958451271,59.4977798643522,-2.977356791496277
map,-170.0480404496193,59.31273271469399,-2.974638819694519
map,-169.74614530801773,59.14405061630532,-2.975639224052429
map,-169.43724638223648,58.99100496200845,-2.9772337675094604
map,-169.1220913529396,58.85371019272134,-2.9761232137680054
map,-168.80020719766617,58.73480989364907,-2.973993182182312
map,-168.47173124551773,58.63549043564126,-2.972992777824402
map,-168.13806730508804,58.55073930649087,-2.9706400632858276
map,-167.79906278848648,58.48561098007485,-2.970173716545105
map,-167.45615202188492,58.44001390365884,-2.967107653617859
map,-167.10996061563492,58.40957261947915,-2.9654868841171265
map,-166.7615414261818,58.39737321762368,-2.965476870536804
map,-166.41161161661148,58.40130617050454,-2.9664686918258667
map,-166.06151396036148,58.42348100570962,-2.9674047231674194
map,-165.71219450235367,58.4633331480436,-2.967631697654724
map,-165.36487394571304,58.5212173643522,-2.966281771659851
map,-165.0201626420021,58.59594728378579,-2.9651511907577515
map,-164.6799984574318,58.689353961031884,-2.963049292564392
map,-164.34607511758804,58.79938508896157,-2.9596680402755737
map,-164.01924711465836,58.92473604111001,-2.9554985761642456
map,-163.70200163125992,59.0673599424772,-2.9507726430892944
map,-163.39465910196304,59.22465135483071,-2.948548674583435
map,-163.0984554886818,59.3959503355436,-2.946456789970398
map,-162.8142300248146,59.58232499985024,-2.9425724744796753
map,-162.5421810746193,59.7825699034147,-2.9399975538253784
map,-162.28255277872086,59.9949493589811,-2.937670588493347
map,-162.03635221719742,60.21898652939126,-2.933860659599304
map,-161.80722624063492,60.455448168795556,-2.929587244987488
map,-161.59213835000992,60.70281221298501,-2.9240821599960327
map,-161.39209562540054,60.96125413803384,-2.9205459356307983
map,-161.20657926797867,61.229923266451806,-2.9169105291366577
map,-161.03418546915054,61.5074119749479,-2.9150747060775757
map,-160.87576872110367,61.79320146469399,-2.912713885307312
map,-160.7336636185646,62.08750917343423,-2.9098633527755737
map,-160.60812956094742,62.389408129733056,-2.9068797826766968
map,-160.4978237748146,62.69814683822915,-2.9039806127548218
map,-160.40312772989273,63.013153094332665,-2.9021486043930054
map,-160.32816129922867,63.333431262057275,-2.9011954069137573
map,-160.2686977982521,63.65758134750649,-2.8992189168930054
map,-160.22566801309586,63.98461152939126,-2.8959015607833862
map,-160.2023373246193,64.31416704086587,-2.8928369283676147
map,-160.1969662308693,64.64522172836587,-2.89102303981781
map,-160.20757108926773,64.9776497068815,-2.8908079862594604
map,-160.23430448770523,65.31145097641274,-2.8931134939193726
map,-160.27893644571304,65.64470292953774,-2.8929589986801147
map,-160.33968168497086,65.97583391098306,-2.8894938230514526
map,-160.41679960489273,66.30373765854165,-2.8845967054367065
map,-160.50891691446304,66.62720872787759,-2.8800657987594604
map,-160.61948210000992,66.94556810287759,-2.879080653190613
map,-160.74715238809586,67.25801469711587,-2.882865309715271
map,-160.8902035355568,67.5646400633268,-2.8846110105514526
map,-161.0490933060646,67.86404039291665,-2.884433150291443
map,-161.22354704141617,68.15474321274087,-2.8844140768051147
map,-161.41069608926773,68.43650438217446,-2.8828552961349487
map,-161.61186796426773,68.70721055893227,-2.878346800804138
map,-161.82767301797867,68.96817399887368,-2.874796748161316
map,-162.05574613809586,69.21809007553384,-2.8725861310958862
map,-162.2955532670021,69.45417405990884,-2.867759108543396
map,-162.54477506875992,69.67676927475259,-2.8593181371688843
map,-162.80429655313492,69.88319780258462,-2.851089835166931
map,-163.07266813516617,70.0745277586393,-2.847626566886902
map,-163.34854704141617,70.25339891342446,-2.846545100212097
map,-163.63277250528336,70.41862108139321,-2.849054217338562
map,-163.9254818558693,70.56937791733071,-2.8490923643112183
map,-164.22543913125992,70.70493699936196,-2.8458951711654663
map,-164.53291898965836,70.82403184799477,-2.841898798942566
map,-164.84827238321304,70.92446519760415,-2.83979594707489
map,-165.1706753373146,71.00703050522134,-2.839605212211609
map,-165.49796110391617,71.07603074936196,-2.839415431022644
map,-165.83019071817398,71.12763597397134,-2.840220332145691
map,-166.16576200723648,71.16224290756509,-2.834952235221863
map,-166.50484281778336,71.18194200424477,-2.831299662590027
map,-166.84602934122086,71.17980577377602,-2.82980477809906
map,-167.18750578165054,71.16099168686196,-2.830314517021179
map,-167.52843290567398,71.12512590317056,-2.8266314268112183
map,-167.8677425980568,71.06853105453774,-2.8238219022750854
map,-168.20628935098648,70.99341203598306,-2.823172450065613
map,-168.54556852579117,70.90114976791665,-2.8258684873580933
map,-168.88127714395523,70.79124071029946,-2.828204035758972
map,-169.21202665567398,70.66396715072915,-2.827377676963806
map,-169.53525358438492,70.51790239242837,-2.822379946708679
map,-169.84961515665054,70.35420610336587,-2.816223978996277
map,-170.15526396036148,70.1745262327604,-2.815177321434021
map,-170.4500179886818,69.97734453110024,-2.8153856992721558
map,-170.73386198282242,69.76479722885415,-2.8139723539352417
map,-171.00652128458023,69.53762437729165,-2.8125537633895874
map,-171.26506620645523,69.29579545883462,-2.8124455213546753
map,-171.50469022989273,69.04109575180337,-2.8117650747299194
map,-171.73070341348648,68.77488328842446,-2.8089932203292847
map,-171.9417172074318,68.49690629867837,-2.8055542707443237
map,-172.13707548379898,68.20737077621743,-2.8058093786239624
map,-172.31584745645523,67.9074363890104,-2.8081358671188354
map,-172.47818571329117,67.59880449203774,-2.809168219566345
map,-172.62329679727554,67.2821922483854,-2.807153582572937
map,-172.7497006058693,66.95804979233071,-2.804137110710144
map,-172.85840421915054,66.62802507309243,-2.8011139631271362
map,-172.9506283402443,66.29346849350259,-2.79755437374115
map,-173.02368742227554,65.95471574692056,-2.7951287031173706
map,-173.07748991250992,65.61250688461587,-2.791967749595642
map,-173.1135464310646,65.26808549789712,-2.7847903966903687
map,-173.13036161661148,64.92204667953774,-2.7792242765426636
map,-173.12618070840836,64.57564165024087,-2.7743510007858276
map,-173.1054897904396,64.22963334945962,-2.7693995237350464
map,-173.06780058145523,63.88461686996743,-2.766104578971863
map,-173.01012235879898,63.5425796690397,-2.7613052129745483
map,-172.93347746133804,63.20460512069985,-2.756630778312683
map,-172.83936125040054,62.87192155746743,-2.7548235654830933
map,-172.7295590043068,62.5467071714811,-2.755121111869812
map,-172.60313993692398,62.22753908066079,-2.754555583000183
map,-172.46043974161148,61.91489030746743,-2.7518199682235718
map,-172.29976469278336,61.61077119736001,-2.747866988182068
map,-172.12161833047867,61.317466754000634,-2.7446078062057495
map,-171.92894560098648,61.03394319443032,-2.740944266319275
map,-171.72229582071304,60.75965501694009,-2.736723780632019
map,-171.50034147500992,60.496490496676415,-2.7330559492111206
map,-171.26395231485367,60.245269793551415,-2.7301610708236694
map,-171.0134487748146,60.00743867782876,-2.7275980710983276
map,-170.74869352579117,59.78485109237954,-2.72356641292572
map,-170.47142606973648,59.57675554184243,-2.7194594144821167
map,-170.18346220254898,59.38275911239907,-2.7152122259140015
map,-169.88464933633804,59.20417405990884,-2.7133644819259644
map,-169.57585722208023,59.04165269760415,-2.713845133781433
map,-169.25827604532242,58.893733996432275,-2.7135332822799683
map,-168.9320736527443,58.762813586276025,-2.7090038061141968
map,-168.59715849161148,58.65210725693032,-2.705861449241638
map,-168.25591093301773,58.55942918686196,-2.702294707298279
map,-167.90799528360367,58.484344500582665,-2.7004894018173218
map,-167.55150419473648,58.43356706527993,-2.698905825614929
map,-167.19177824258804,58.39919664291665,-2.6961697340011597
map,-166.82935148477554,58.38441469101235,-2.696088194847107
map,-166.4654751420021,58.38858796982095,-2.697459101676941
map,-166.1015072464943,58.41228486923501,-2.699219584465027
map,-165.73904997110367,58.456600207369775,-2.6998924016952515
map,-165.37850004434586,58.520774859469384,-2.6996301412582397
map,-165.02116972208023,58.6045913877897,-2.6987065076828003
map,-164.6693325638771,58.7107925596647,-2.698959231376648
map,-164.32446867227554,58.83662034897134,-2.6978172063827515
map,-163.98996549844742,58.98215104965493,-2.6960734128952026
map,-163.6643276810646,59.147762316744775,-2.694109320640564
map,-163.34789091348648,59.330963152926415,-2.695121645927429
map,-163.04198271036148,59.53187181381509,-2.6954482793807983
map,-162.7478237748146,59.7505874815397,-2.6941689252853394
map,-162.46536833047867,59.98554231552407,-2.693799376487732
map,-162.19626432657242,60.236263293307275,-2.6922672986984253
map,-161.94168668985367,60.50244142441079,-2.6899183988571167
map,-161.70259672403336,60.78248216537759,-2.685494303703308
map,-161.47986418008804,61.07530214218423,-2.6832274198532104
map,-161.27583891153336,61.37988283066079,-2.681057333946228
map,-161.08763700723648,61.69512941269204,-2.680601477622986
map,-160.9157162308693,62.02061464218423,-2.680399775505066
map,-160.76082426309586,62.35545732406899,-2.679423689842224
map,-160.62137418985367,62.6983413877897,-2.6786078214645386
map,-160.4955044388771,63.04835130600259,-2.6778968572616577
map,-160.3850308060646,63.40480043319985,-2.6776398420333862
map,-160.28922086954117,63.76650621322915,-2.6760772466659546
map,-160.20751005411148,64.13209154037759,-2.6727203130722046
map,-160.14377409219742,64.50085832504556,-2.67019259929657
map,-160.09737211465836,64.87128831772134,-2.669211745262146
map,-160.06149870157242,65.24318315414712,-2.6710208654403687
map,-160.03706938028336,65.61570360092446,-2.671465277671814
map,-160.02475553750992,65.98746110824868,-2.667882800102234
map,-160.0239925980568,66.35718919662759,-2.662131190299988
map,-160.03630644083023,66.7244301023893,-2.6594818830490112
map,-160.0603237748146,67.08864976791665,-2.6586297750473022
map,-160.09305387735367,67.44977952865884,-2.6606920957565308
map,-160.1343441605568,67.80862047104165,-2.6614965200424194
map,-160.1864224076271,68.16492082504556,-2.66193950176239
map,-160.24791532754898,68.51750566391274,-2.660603404045105
map,-160.31693083047867,68.86683275131509,-2.6582545042037964
map,-160.3936977982521,69.21204759506509,-2.6560624837875366
map,-160.47847563028336,69.55299760727212,-2.6536449193954468
map,-160.56725126504898,69.88949968246743,-2.6504019498825073
map,-160.65878874063492,70.22246934799477,-2.647361636161804
map,-160.75642973184586,70.55036546615884,-2.6441515684127808
map,-160.8595638871193,70.87307359604165,-2.639184355735779
map,-160.96397978067398,71.19148637680337,-2.6325024366378784
map,-161.06992155313492,71.50458909897134,-2.623003840446472
map,-161.17532926797867,71.81239702133462,-2.614474654197693
map,-161.27988249063492,72.11664964584634,-2.6083468198776245
map,-161.38561064004898,72.41711046127602,-2.606833338737488
map,-161.4917202591896,72.71375657944009,-2.6064380407333374
map,-161.59787565469742,73.00671007065102,-2.6069024801254272
map,-161.70415312051773,73.29638292221352,-2.6068085432052612
map,-161.81004911661148,73.58452989486977,-2.6073073148727417
map,-161.91573148965836,73.87211229233071,-2.6075066328048706
map,-162.02051359415054,74.15915300277993,-2.6074126958847046
map,-162.1223812699318,74.44597246078774,-2.607549548149109
map,-162.21932035684586,74.73374559311196,-2.609099268913269
map,-162.31332975625992,75.02244188217446,-2.6097363233566284
map,-162.4034634232521,75.31180192856118,-2.6091665029525757
map,-162.48767668008804,75.6022606077604,-2.6090410947799683
map,-162.56799894571304,75.89389421371743,-2.6092394590377808
map,-162.64595609903336,76.1864891233854,-2.6116851568222046
map,-162.71407133340836,76.48284532455727,-2.613839030265808
map,-162.7730923295021,76.78173448471352,-2.6148675680160522
map,-162.82524687051773,77.08269884018227,-2.617505431175232
map,-162.8682308793068,77.38773729233071,-2.620231032371521
map,-162.9041958451271,77.69746019272134,-2.621684432029724
map,-162.93025785684586,78.0110511961393,-2.6207836866378784
map,-162.94292265176773,78.3287010374479,-2.6234534978866577
map,-162.94568449258804,78.65132524399087,-2.629440188407898
map,-162.93181425333023,78.97944261459634,-2.6396440267562866
map,-162.9028530716896,79.31252672104165,-2.650326132774353
map,-162.8593197464943,79.65014268783852,-2.6572831869125366
map,-162.80183988809586,79.9920540037565,-2.656882166862488
map,-162.72838407754898,80.33818437485024,-2.656082510948181
map,-162.6391049027443,80.68783952621743,-2.6569007635116577
map,-162.53629118204117,81.04175187973306,-2.6611703634262085
map,-162.41220670938492,81.39666368393227,-2.669401526451111
map,-162.27031522989273,81.753162402194,-2.673946738243103
map,-162.11206632852554,82.11162187485024,-2.6759456396102905
map,-161.93509489297867,82.47118760971352,-2.676411986351013
map,-161.73930937051773,82.83224870590493,-2.680773615837097
map,-161.5259457230568,83.19411088852212,-2.6878684759140015
map,-161.29829984903336,83.55800249008462,-2.696311831474304
map,-161.05383878946304,83.92162706283852,-2.7056716680526733
map,-160.79784208536148,84.286853808444,-2.712650179862976
map,-160.53355985879898,84.6543617430143,-2.720896601676941
map,-160.25916105508804,85.02473832992837,-2.7316960096359253
map,-159.9731655716896,85.3961067381315,-2.741987109184265
map,-159.67790800333023,85.76939012436196,-2.7507532835006714
map,-159.37375456094742,86.1454506102018,-2.7604907751083374
map,-159.05928617715836,86.52217485336587,-2.7715548276901245
map,-158.73796659708023,86.90317918686196,-2.7833460569381714
map,-158.41306120157242,87.28981401352212,-2.793221354484558
map,-158.08145719766617,87.6796531858854,-2.8034456968307495
map,-157.7433529496193,88.07253648666665,-2.814318060874939
map,-157.40097624063492,88.47001268295571,-2.8202985525131226
map,-157.05574613809586,88.87220384506509,-2.827192187309265
map,-156.70584684610367,89.2775535765104,-2.8358010053634644
map,-156.35057646036148,89.68461992172524,-2.842551112174988
map,-155.9923306107521,90.09508897690102,-2.8483999967575073
map,-155.63167387247086,90.50855638412759,-2.8556569814682007
map,-155.26758390665054,90.92287828354165,-2.859728217124939
map,-154.90096098184586,91.33780290512368,-2.8640793561935425
map,-154.53301054239273,91.75435258774087,-2.866921305656433
map,-154.1640072464943,92.17216112045571,-2.8710349798202515
map,-153.7918148636818,92.58808519272134,-2.876665949821472
map,-153.41914945840836,93.004871386569,-2.876041293144226
map,-153.04695707559586,93.42326738266274,-2.8706597089767456
map,-152.67325407266617,93.84202196029946,-2.867982268333435
map,-152.29863554239273,94.2611961546354,-2.864975333213806
map,-151.92435270547867,94.68181993393227,-2.8643792867660522
map,-151.5495815873146,95.10338975815102,-2.8626984357833862
map,-151.17363554239273,95.52512742904946,-2.859925627708435
map,-150.7982388138771,95.94858171371743,-2.8594220876693726
map,-150.42349821329117,96.37308122543618,-2.856134295463562
map,-150.04675871133804,96.7952537718229,-2.850415587425232
map,-149.66873747110367,97.21713640121743,-2.847528338432312
map,-149.29138761758804,97.64025499252602,-2.845915675163269
map,-148.91472440958023,98.06441118149087,-2.8433717489242554
map,-148.5385189652443,98.4893684568815,-2.8384989500045776
map,-148.16246610879898,98.91477586654946,-2.831973910331726
map,-147.78670316934586,99.34082414535806,-2.8266862630844116
map,-147.40918546915054,99.76554490951821,-2.82025945186615
map,-147.03258329629898,100.19156267074868,-2.8167375326156616
map,-146.6576595902443,100.62027360824868,-2.812552332878113
map,-146.28220182657242,101.05056383041665,-2.8079699277877808
map,-145.90683561563492,101.48128129867837,-2.801677107810974
map,-145.53209501504898,101.91313554672524,-2.7948449850082397
map,-145.15678983926773,102.34543229965493,-2.7898401021957397
map,-144.7820034623146,102.77846147445962,-2.784633994102478
map,-144.40898710489273,103.21274186996743,-2.782617449760437
map,-144.0363216996193,103.6476707640104,-2.7796634435653687
map,-143.6638393998146,104.0830726805143,-2.7766441106796265
map,-143.2925015091896,104.51951219467446,-2.7755550146102905
map,-142.9220181107521,104.95685960678384,-2.772337794303894
map,-142.54794889688492,105.3920555296354,-2.7672289609909058
map,-142.17430692911148,105.8272361936979,-2.7656577825546265
map,-141.8036556839943,106.2647590818815,-2.7637804746627808
map,-141.4332485795021,106.70206834701821,-2.761614680290222
map,-141.06311613321304,107.139148730319,-2.7590168714523315
map,-140.69524198770523,107.57704545883462,-2.7521876096725464
map,-140.3276577591896,108.01526262192056,-2.7450417280197144
map,-139.95828825235367,108.45230485824868,-2.739095091819763
map,-139.59094816446304,108.8906898680143,-2.733780264854431
map,-139.22612577676773,109.33134843735024,-2.7278770208358765
map,-138.85930448770523,109.77257921127602,-2.7205814123153687
map,-138.49051481485367,110.212390917819,-2.7205322980880737
map,-138.12134367227554,110.6523094358854,-2.7205437421798706
map,-137.75298124551773,111.09282304672524,-2.7166651487350464
map,-137.38419157266617,111.5332679930143,-2.7116230726242065
map,-137.01624113321304,111.974353808444,-2.706722617149353
map,-136.64688688516617,112.41424180893227,-2.7013062238693237
map,-136.27695280313492,112.85390855697915,-2.6994675397872925
map,-135.9077358841896,113.29465867904946,-2.697668433189392
map,-135.53848844766617,113.73606492904946,-2.6960710287094116
map,-135.1662045121193,114.17759324936196,-2.690757632255554
map,-134.79385954141617,114.61941148666665,-2.683833956718445
map,-134.42102628946304,115.06107713608071,-2.6815799474716187
map,-134.04710966348648,115.50160600570962,-2.679007887840271
map,-133.67101103067398,115.93967058090493,-2.6739362478256226
map,-133.2946987748146,116.37712480453774,-2.671099066734314
map,-132.91800504922867,116.8130760374479,-2.669930338859558
map,-132.53728300333023,117.24380113510415,-2.6674259901046753
map,-132.15462309122086,117.670887011569,-2.6618236303329468
map,-131.7683773636818,118.09501268295571,-2.6566723585128784
map,-131.37218290567398,118.51452257065102,-2.653457999229431
map,-130.9718685746193,118.92831804184243,-2.649898409843445
map,-130.5684261918068,119.3367347898893,-2.6454662084579468
map,-130.16138273477554,119.7393684568815,-2.641142249107361
map,-129.7497768998146,120.134510058444,-2.6374305486679077
map,-129.3369351029396,120.52438737777993,-2.6313055753707886
map,-128.92137724161148,120.90749742416665,-2.6223162412643433
map,-128.50093656778336,121.2804832640104,-2.612900137901306
map,-128.07738310098648,121.64182664779946,-2.6031116247177124
map,-127.65714079141617,121.99502946762368,-2.587431311607361
map,-127.24863249063492,122.33900072006509,-2.5686720609664917
map,-126.8392544388771,122.67133714584634,-2.5536240339279175
map,-126.43001371622086,122.99189378647134,-2.541262984275818
map,-126.0204525589943,123.29880906967446,-2.52656352519989
map,-125.6118374466896,123.5944481077604,-2.5109580755233765
map,-125.20447355508804,123.8804359617643,-2.4965771436691284
map,-124.79650694131851,124.15566636947915,-2.484699845314026
map,-124.38741880655289,124.41911699203774,-2.4707762002944946
map,-123.9769726395607,124.67116166977212,-2.454245924949646
map,-123.5658627152443,124.91456987289712,-2.4393872022628784
map,-123.1550732254982,125.15102006820962,-2.424434781074524
map,-122.74087339639664,125.37674333481118,-2.410800576210022
map,-122.3216992020607,125.58723832992837,-2.39714252948761
map,-121.90132719278336,125.78969194320962,-2.3780092000961304
map,-121.47934538125992,125.98528673080727,-2.3583911657333374
map,-121.05441099405289,126.17065050033852,-2.3404396772384644
map,-120.62814146280289,126.34872819809243,-2.3231226205825806
map,-120.1984310746193,126.5137596311979,-2.310280203819275
map,-119.76516538858414,126.66450120834634,-2.2992852926254272
map,-119.3309536576271,126.808094042819,-2.2866095304489136
map,-118.89524656534195,126.9416160765104,-2.2716299295425415
map,-118.4571743607521,127.06302263168618,-2.254918932914734
map,-118.01787382364273,127.17510606674477,-2.2352017164230347
map,-117.57681089639664,127.27366258529946,-2.213133454322815
map,-117.13502317667007,127.36292650131509,-2.1901785135269165
map,-116.6925716996193,127.44453050522134,-2.168599009513855
map,-116.24790006875992,127.51149370102212,-2.151598811149597
map,-115.80176359415054,127.56868364242837,-2.137210726737976
map,-115.35403257608414,127.61589433578774,-2.1216596364974976
map,-114.9049740433693,127.65142442611977,-2.1045299768447876
map,-114.45519834756851,127.67844011215493,-2.0872057676315308
map,-114.00264555215836,127.69533159164712,-2.0687228441238403
map,-113.54745298624039,127.70281602768227,-2.050505757331848
map,-113.08884245157242,127.70240404037759,-2.0359572172164917
map,-112.62692838907242,127.69177629379556,-2.025049090385437
map,-112.16208463907242,127.67145921615884,-2.0132840871810913
map,-111.69421201944351,127.64109422592446,-1.9981592893600464
map,-111.22299772500992,127.60322954086587,-1.9823812246322632
map,-110.74781614542007,127.55703355697915,-1.9696859121322632
map,-110.26992613077164,127.50107194809243,-1.95864999294281
map,-109.79100614786148,127.43217851547524,-1.9490150213241577
map,-109.30991941690445,127.35380937485024,-1.9429377317428589
map,-108.82617765665054,127.27014543442056,-1.9407943487167358
map,-108.33994108438492,127.17972947983071,-1.9441684484481812
map,-107.8523159623146,127.0811195555143,-1.9549051523208618
map,-107.36359983682632,126.97652055649087,-1.964471459388733
map,-106.87457090616226,126.86789323715493,-1.9690223932266235
map,-106.38524442911148,126.75686265854165,-1.971793532371521
map,-105.89572721719742,126.64285661606118,-1.9780503511428833
map,-105.40701109170914,126.52592851547524,-1.9849311113357544
map,-104.92134672403336,126.40373613266274,-1.9906114339828491
map,-104.43631559610367,126.28112413315102,-1.9945036172866821
map,-103.9503384232521,126.16789628891274,-1.9932209253311157
map,-103.46508604288101,126.05765153793618,-1.9911960363388062
map,-102.98042112588882,125.9476204100065,-1.9944223165512085
map,-102.49667173624039,125.84020616440102,-1.998149037361145
map,-102.01324278116226,125.73946000961587,-2.003113865852356
map,-101.52971464395523,125.65102769760415,-2.0098170042037964
map,-101.04743772745132,125.57197191147134,-2.010748267173767
map,-100.56724363565445,125.49847032455727,-2.0104037523269653
map,-100.08859831094742,125.43440629867837,-2.0107463598251343
map,-99.61252409219742,125.3839988890104,-2.008581280708313
map,-99.1397915482521,125.34518815902993,-2.0074602365493774
map,-98.67086607217789,125.31753923324868,-2.0083895921707153
map,-98.20589262247086,125.3013572874479,-2.010268807411194
map,-97.74548918008804,125.2960090818815,-2.0147053003311157
map,-97.28999143838882,125.30152513412759,-2.019684672355652
map,-96.83872801065445,125.31848527817056,-2.0212665796279907
map,-96.3927441239357,125.35086442856118,-2.0215386152267456
map,-95.95207792520523,125.40053178695962,-2.023736834526062
map,-95.51484495401382,125.46403886703774,-2.0249465703964233
map,-95.08192259073257,125.54233171371743,-2.023309350013733
map,-94.65383726358414,125.6356849852018,-2.0208295583724976
map,-94.23005491495132,125.74235917953774,-2.0194720029830933
map,-93.8122768998146,125.86787797836587,-2.019126772880554
map,-93.40036588907242,126.00812913803384,-2.020574927330017
map,-92.99322324991226,126.16145707992837,-2.019891858100891
map,-92.5930386185646,126.33200456527993,-2.0212687253952026
map,-92.20007139444351,126.51984788803384,-2.024056077003479
map,-91.81339079141617,126.7216453733854,-2.0248178243637085
map,-91.43541532754898,126.94104387192056,-2.0256019830703735
map,-91.0658169388771,127.17649461654946,-2.0265170335769653
map,-90.70410734415054,127.42622758774087,-2.027323842048645
map,-90.35183531045914,127.6907844725065,-2.025601029396057
map,-90.00932890176773,127.96963121322915,-2.0238126516342163
map,-89.67790800333023,128.26306535629556,-2.0212045907974243
map,-89.35806089639664,128.57077409652993,-2.0212987661361694
map,-89.05025297403336,128.89180375961587,-2.021751284599304
map,-88.75516325235367,129.22563554672524,-2.0223828554153442
map,-88.47620207071304,129.57315446762368,-2.0234440565109253
map,-88.2125454545021,129.93271257309243,-2.024041771888733
map,-87.96318632364273,130.30134965805337,-2.0234636068344116
map,-87.73036009073257,130.67944719223306,-2.023086428642273
map,-87.51301389932632,131.06538774399087,-2.0225239992141724
map,-87.31304746866226,131.4586067381315,-2.0206981897354126
map,-87.13195616006851,131.85878374008462,-2.019382357597351
map,-86.9678402543068,132.26469804672524,-2.0182729959487915
map,-86.82051664590836,132.6751594725065,-2.0159541368484497
map,-86.6920834183693,133.09001542953774,-2.014104723930359
map,-86.58166319131851,133.50856401352212,-2.012531876564026
map,-86.48939329385757,133.93017961410806,-2.010127902030945
map,-86.41385465860367,134.35422136215493,-2.0076299905776978
map,-86.3568554520607,134.779773730319,-2.0052143335342407
map,-86.31827360391617,135.20682145981118,-2.004581570625305
map,-86.29814726114273,135.63452531723306,-2.0063408613204956
map,-86.29599577188492,136.06229020981118,-2.0064746141433716
map,-86.30972868204117,136.48967363266274,-2.0034373998641968
map,-86.33991819620132,136.91672136215493,-2.0018075704574585
map,-86.38925749063492,137.3419075193815,-2.002806305885315
map,-86.45567137002945,137.76498796371743,-2.0028973817825317
map,-86.5412808060646,138.18506242660806,-2.002998948097229
map,-86.64542204141617,138.60214616684243,-2.0033310651779175
map,-86.76427274942398,139.0167885008268,-2.0032728910446167
map,-86.89916044473648,139.42757036117837,-2.0022071599960327
map,-87.05081754922867,139.83317949203774,-1.9996076822280884
map,-87.21812254190445,140.23357011703774,-1.9971483945846558
map,-87.40106016397476,140.62843706039712,-1.9970051050186157
map,-87.6004086136818,141.0169105711393,-2.0028454065322876
map,-87.81307798624039,141.39897539047524,-2.0076178312301636
map,-88.0390072464943,141.77341081527993,-2.0055397748947144
map,-88.27862364053726,142.13769914535806,-1.9996939897537231
map,-88.53092008829117,142.49245073227212,-1.9986752271652222
map,-88.79582792520523,142.83699418930337,-2.000409722328186
map,-89.07172971963882,143.17123796371743,-2.001367449760437
map,-89.3579769730568,143.4948158445768,-1.9982432126998901
map,-89.65504270792007,143.8062629881315,-1.9944313764572144
map,-89.96384245157242,144.10409929184243,-1.9953984022140503
map,-90.28247648477554,144.38913347152993,-1.9988807439804077
map,-90.60989958047867,144.66176225570962,-2.0006827116012573
map,-90.94714933633804,144.92036821274087,-1.9996999502182007
map,-91.29393583536148,145.16533281235024,-1.9974249601364136
map,-91.6488247513771,145.39621354965493,-1.9960576295852661
map,-92.0107632279396,145.61342241195962,-1.9939764738082886
map,-92.37838560342789,145.81851579574868,-1.9904812574386597
map,-92.75267606973648,146.00795366195962,-1.9846090078353882
map,-93.13390165567398,146.18153764633462,-1.9840081930160522
map,-93.52134519815445,146.3394203367643,-1.986507773399353
map,-93.91504484415054,146.4811439695768,-1.988573670387268
map,-94.31458097696304,146.6050911131315,-1.9902952909469604
map,-94.7189388871193,146.71333696274087,-1.9885963201522827
map,-95.12866789102554,146.80820085434243,-1.9870978593826294
map,-95.54294401407242,146.88623430160806,-1.9858256578445435
map,-95.96139341592789,146.944812792819,-1.9860330820083618
map,-96.3827343583107,146.98573686508462,-1.987439513206482
map,-96.80645567178726,147.0083656492643,-1.9858697652816772
map,-97.2318554520607,147.01320268539712,-1.9829562902450562
map,-97.6585903763771,147.00143815902993,-1.9836543798446655
map,-98.08517271280289,146.96986772445962,-1.9843841791152954
map,-98.51143461465836,146.920642870944,-1.9847606420516968
map,-98.93600279092789,146.8526039305143,-1.985967755317688
map,-99.3562679886818,146.765369433444,-1.9867562055587769
map,-99.77359586954117,146.66040422348306,-1.9866029024124146
map,-100.18698698282242,146.53589250473306,-1.987000584602356
map,-100.59529691934586,146.39278032211587,-1.9889847040176392
map,-100.9988003373146,146.23386003402993,-1.9905871152877808
map,-101.39599424600601,146.05632402328774,-1.9925345182418823
map,-101.78557401895523,145.85963823227212,-1.9944580793380737
map,-102.1665478348732,145.64543535141274,-1.994850993156433
map,-102.54023557901382,145.4160804930143,-1.9949671030044556
map,-102.90479856729507,145.1701088133268,-1.995165467262268
map,-103.25826078653336,144.9083137693815,-1.9975634813308716
map,-103.6007290482521,144.63130571274087,-2.001017451286316
map,-103.93143278360367,144.33964921860024,-2.000604033470154
map,-104.24971586465836,144.03311540512368,-2.0002931356430054
map,-104.5562954545021,143.71370317367837,-1.9985030889511108
map,-104.85022550821304,143.38216020492837,-1.9983819723129272
map,-105.13073545694351,143.03992082504556,-1.9970682859420776
map,-105.3952084183693,142.686756152194,-1.9951859712600708
map,-105.64273649454117,142.32307817367837,-1.994900107383728
map,-105.87595945596695,141.95076372055337,-1.9979497194290161
map,-106.09510618448257,141.5711097898893,-1.9999505281448364
map,-106.29966551065445,141.18458940414712,-2.001834273338318
map,-106.48725706338882,140.79114152817056,-2.003046154975891
map,-106.65633970499039,140.39111711410806,-2.0041743516921997
map,-106.80964475870132,139.9871711912565,-2.001963257789612
map,-106.94754606485367,139.57947160629556,-1.9976593255996704
map,-107.07061582803726,139.16826249985024,-1.9927903413772583
map,-107.17813688516617,138.75415422348306,-1.9873825311660767
map,-107.26872831583023,138.3370247068815,-1.9820562601089478
map,-107.3416958451271,137.9173469725065,-1.9762316942214966
map,-107.3976498246193,137.49562456039712,-1.9716497659683228
map,-107.43795591592789,137.07271196274087,-1.9656857252120972
map,-107.46141630411148,136.64902116684243,-1.9613946676254272
map,-107.4708462357521,136.22534562973306,-1.9569560289382935
map,-107.46470457315445,135.80196000961587,-1.9534817934036255
map,-107.4394970536232,135.3793373289518,-1.9544910192489624
map,-107.39888578653336,134.95805742172524,-1.9551752805709839
map,-107.34250456094742,134.53889848617837,-1.9531790018081665
map,-107.26830106973648,134.12280656723306,-1.9502314329147339
map,-107.1770229935646,133.71062089828774,-1.9485901594161987
map,-107.07197386026382,133.3024330320768,-1.9482017755508423
map,-106.9514370560646,132.898914355319,-1.9456623792648315
map,-106.81267362833023,132.50139238266274,-1.9426833391189575
map,-106.65585905313492,132.1099281492643,-1.9423567056655884
map,-106.4836636185646,131.72342302231118,-1.9421604871749878
map,-106.29803282022476,131.34321977524087,-1.9387480020523071
map,-106.09752470254898,130.97043229965493,-1.9309161901474
map,-105.88149839639664,130.60588457016274,-1.9253658056259155
map,-105.64998441934586,130.25020219711587,-1.9255813360214233
map,-105.40360075235367,129.90369035629556,-1.9328285455703735
map,-105.1433544754982,129.567127245944,-1.9423362016677856
map,-104.86833769083023,129.2418861570768,-1.9482637643814087
map,-104.58062559366226,128.9283333006315,-1.9467853307724
map,-104.28143125772476,128.62533952621743,-1.946720004081726
map,-103.97149473428726,128.33354570297524,-1.947034478187561
map,-103.65083891153336,128.0540199461393,-1.9443131685256958
map,-103.31851011514664,127.78874589828774,-1.9421252012252808
map,-102.97389036417007,127.54064561752602,-1.9423879384994507
map,-102.62003141641617,127.30778123764321,-1.9376722574234009
map,-102.2583447098732,127.08881761459634,-1.9282130002975464
map,-101.88773161172867,126.88587572006509,-1.917514443397522
map,-101.51033598184586,126.69485856918618,-1.9149454832077026
map,-101.1256771683693,126.51893999008462,-1.9142907857894897
map,-100.73318296670914,126.36207200912759,-1.9106501340866089
map,-100.33455473184586,126.22145463852212,-1.9054945707321167
map,-99.93018919229507,126.09717943100259,-1.901976466178894
map,-99.5211849808693,125.98867418197915,-1.898123860359192
map,-99.1074658036232,125.89731981186196,-1.8949657678604126
map,-98.6898861527443,125.82325364975259,-1.895318865776062
map,-98.26920133829117,125.76694871811196,-1.8965469598770142
map,-97.8469906449318,125.72680284408852,-1.897314429283142
map,-97.4232388138771,125.70277025131509,-1.899114966392517
map,-96.9987011551857,125.69668199447915,-1.8993560075759888
map,-96.5745068192482,125.7078285398893,-1.898781418800354
map,-96.15173155069351,125.73936082748696,-1.8989266157150269
map,-95.7304134964943,125.7903480711393,-1.9002586603164673
map,-95.31097227334976,125.85760118393227,-1.8983036279678345
map,-94.89443784952164,125.94357683090493,-1.8954190015792847
map,-94.48149687051773,126.04692460922524,-1.8935953378677368
map,-94.07327085733414,126.16711809067056,-1.8908106088638306
map,-93.67114073038101,126.3063392820768,-1.8907045125961304
map,-93.27538877725601,126.46390916733071,-1.8902052640914917
map,-92.88569456338882,126.6375160398893,-1.8898597955703735
map,-92.50269895792007,126.82754899887368,-1.8913897275924683
map,-92.12820249795914,127.03338243393227,-1.892495036125183
map,-91.76291471719742,127.25314714340493,-1.8921040296554565
map,-91.40941435098648,127.4887352171354,-1.8919984102249146
map,-91.06753355264664,127.73789598373696,-1.893804669380188
map,-90.73605161905289,127.99822618393227,-1.8926502466201782
map,-90.41702085733414,128.27016069320962,-1.8899515867233276
map,-90.11133390665054,128.55391313461587,-1.8888243436813354
map,-89.81933408975601,128.8489875975065,-1.8879157304763794
map,-89.54047971963882,129.15504838852212,-1.8895045518875122
map,-89.27499967813492,129.47156145004556,-1.8915406465530396
map,-89.02285581827164,129.7981605711393,-1.8944021463394165
map,-88.78404051065445,130.1341438475065,-1.8965293169021606
map,-88.5590038895607,130.47856523422524,-1.8967541456222534
map,-88.3485775589943,130.83182145981118,-1.8972710371017456
map,-88.15331083536148,131.19284440902993,-1.8971511125564575
map,-87.97156339883804,131.56050493149087,-1.897426962852478
map,-87.80603605508804,131.93486406235024,-1.8968833684921265
map,-87.65452390909195,132.31503679184243,-1.8957222700119019
map,-87.51819425821304,132.7005500975065,-1.8953922986984253
map,-87.39831358194351,133.09122087387368,-1.893635630607605
map,-87.29510313272476,133.48662187485024,-1.8929256200790405
map,-87.2060757279396,133.8854408445768,-1.8934584856033325
map,-87.13026243448257,134.2869301023893,-1.8907934427261353
map,-87.06869322061539,134.69083024887368,-1.8860069513320923
map,-87.02346616983414,135.09682084945962,-1.8834539651870728
map,-86.99432188272476,135.50400163559243,-1.882625937461853
map,-86.98262602090836,135.91101457504556,-1.8845185041427612
map,-86.9867611527443,136.31851579574868,-1.8848439455032349
map,-87.00543028116226,136.72583391098306,-1.8833361864089966
map,-87.0374966263771,137.1329231443815,-1.8835495710372925
map,-87.08535581827164,137.53850175766274,-1.8840888738632202
map,-87.15034300088882,137.9417152586393,-1.8855055570602417
map,-87.23220640420914,138.3425941648893,-1.8874379396438599
map,-87.3300228714943,138.74013139633462,-1.8870922327041626
map,-87.44122129678726,139.13484575180337,-1.8877612352371216
map,-87.5665722489357,139.52530290512368,-1.8855534791946411
map,-87.70702177286148,139.91064836410806,-1.8828781843185425
map,-87.86302763223648,140.28993608383462,-1.8818186521530151
map,-88.03250700235367,140.66377641586587,-1.8812605142593384
map,-88.2173519730568,141.03068925766274,-1.885902762413025
map,-88.4170132279396,141.38974382309243,-1.8886560201644897
map,-88.63023954629898,141.74087907699868,-1.8860903978347778
map,-88.85810667276382,142.08342363266274,-1.8837147951126099
map,-89.09880644083023,142.41800310043618,-1.884337306022644
map,-89.35114866495132,142.74480058578774,-1.885428786277771
map,-89.61654478311539,143.06091691879556,-1.8845707178115845
map,-89.89461332559586,143.3643684568815,-1.879876732826233
map,-90.18380552530289,143.657459277194,-1.879189133644104
map,-90.48382383584976,143.93985368637368,-1.8829737901687622
map,-90.7944775223732,144.21147539047524,-1.8861891031265259
map,-91.11571317911148,144.47055436996743,-1.8857308626174927
map,-91.44863706827164,144.71506120590493,-1.883595585823059
map,-91.79153257608414,144.94704057602212,-1.8835448026657104
map,-92.14330869913101,145.16617204574868,-1.884224534034729
map,-92.50305753946304,145.372058886569,-1.880111813545227
map,-92.87056547403336,145.56473161606118,-1.8758383989334106
map,-93.2447949051857,145.74428178695962,-1.878008484840393
map,-93.62594419717789,145.90988542465493,-1.879290223121643
map,-94.01446348428726,146.05904008774087,-1.8809095621109009
map,-94.4095669388771,146.1908607664518,-1.884437918663025
map,-94.80976682901382,146.30717851547524,-1.8850845098495483
map,-95.21461302042007,146.41057207016274,-1.8833056688308716
map,-95.62448698282242,146.4978676023893,-1.8825105428695679
map,-96.03867155313492,146.56888200668618,-1.8818610906600952
map,-96.45630460977554,146.6248207273893,-1.88296639919281
map,-96.8768520951271,146.66423417953774,-1.8836122751235962
map,-97.29942899942398,146.68918229965493,-1.8819838762283325
map,-97.72371488809586,146.69975664047524,-1.8819631338119507
map,-98.14903837442398,146.69350053695962,-1.8820759057998657
map,-98.57523161172867,146.67313005356118,-1.8826295137405396
map,-99.00169950723648,146.63661577133462,-1.8843249082565308
map,-99.42774778604507,146.58566667465493,-1.8861995935440063
map,-99.85375028848648,146.5216713133268,-1.8854702711105347
map,-100.27910429239273,146.44441606430337,-1.8849018812179565
map,-100.70334440469742,146.35637285141274,-1.8842672109603882
map,-101.1262417435646,146.25683977035806,-1.885327935218811
map,-101.54715543985367,146.14400102524087,-1.8880077600479126
map,-101.96626859903336,146.0224037352018,-1.8867944478988647
map,-102.38381773233414,145.8934211912565,-1.8834353685379028
map,-102.79826933145523,145.7523079100065,-1.8827677965164185
map,-103.20975309610367,145.60013200668618,-1.8823858499526978
map,-103.61862760782242,145.439441699069,-1.8795255422592163
map,-104.02474790811539,145.2702064695768,-1.8773971796035767
map,-104.42685514688492,145.08998491195962,-1.8753818273544312
map,-104.82464414834976,144.8992347898893,-1.874285101890564
map,-105.21947294473648,144.70088579086587,-1.8728495836257935
map,-105.61141782999039,144.49512102035806,-1.8723472356796265
map,-105.99888426065445,144.27901079086587,-1.8724983930587769
map,-106.38270384073257,144.05388261703774,-1.8712712526321411
map,-106.76396757364273,143.82239152817056,-1.8675719499588013
map,-107.14311796426773,143.5853157225065,-1.8658448457717896
map,-107.5201626420021,143.34254838852212,-1.8663734197616577
map,-107.89366728067398,143.09289934067056,-1.8690792322158813
map,-108.2637386918068,142.83705522445962,-1.8698855638504028
map,-108.6319790482521,142.57683183578774,-1.8706704378128052
map,-108.99638944864273,142.30952836899087,-1.8722392320632935
map,-109.35838896036148,142.03720476059243,-1.8746250867843628
map,-109.71761137247086,141.7604408445768,-1.875872254371643
map,-110.07268339395523,141.4785804930143,-1.873165249824524
map,-110.42374235391617,141.19302751449868,-1.8700562715530396
map,-110.77052122354507,140.9039192381315,-1.8689569234848022
map,-111.1118832230568,140.60994340805337,-1.8698261976242065
map,-111.4509487748146,140.31496049789712,-1.8699208498001099
map,-111.7863216996193,140.01767351059243,-1.8662599325180054
map,-112.11648374795914,139.7171058836393,-1.8616420030593872
map,-112.44512754678726,139.41719438461587,-1.860066294670105
map,-112.77309995889664,139.11870195297524,-1.8601197004318237
map,-113.09789091348648,138.81946184067056,-1.8705507516860962
map,-113.41802030801773,138.5172004881315,-1.8915306329727173
map,-113.73401457071304,138.2119789305143,-1.9134927988052368
map,-114.04878813028336,137.90736772445962,-1.930904746055603
map,-114.3630581498146,137.60376359848306,-1.9474290609359741
map,-114.6774120926857,137.3020668211393,-1.963344693183899
map,-114.98997312784195,137.0009193602018,-1.9772409200668335
map,-115.3006802201271,136.70003129867837,-1.9910918474197388
map,-115.61020475625992,136.40047075180337,-2.007555842399597
map,-115.91892057657242,136.10222246078774,-2.0226086378097534
map,-116.22486692667007,135.80388261703774,-2.0372103452682495
map,-116.52845579385757,135.50566484360024,-2.0517979860305786
map,-116.82969480752945,135.208240527194,-2.0652652978897095
map,-117.12964445352554,134.91281511215493,-2.0790408849716187
map,-117.4274349808693,134.61844255356118,-2.0917240381240845
map,-117.72195249795914,134.32341386703774,-2.103532910346985
map,-118.01243406534195,134.02791215805337,-2.1161104440689087
map,-118.3005810379982,133.73303605942056,-2.1287213563919067
map,-118.58733183145523,133.439929980319,-2.139788508415222
map,-118.87192350625992,133.14802934555337,-2.1488176584243774
map,-119.15335661172867,132.85608293442056,-2.155596613883972
map,-119.43104368448257,132.56283952621743,-2.1707805395126343
map,-119.7078304886818,132.2717933836393,-2.1856554746627808
map,-119.98347288370132,131.98242570785806,-2.194935917854309
map,-120.25478941202164,131.69215776352212,-2.204126000404358
map,-120.52325254678726,131.4017219725065,-2.215941309928894
map,-120.78964811563492,131.1118812742643,-2.2291256189346313
map,-121.05467802286148,130.82309343246743,-2.246019721031189
map,-121.31837278604507,130.53613664535806,-2.2598131895065308
map,-121.57907682657242,130.25088884262368,-2.2690078020095825
map,-121.83581358194351,129.96680070785806,-2.2781940698623657
map,-122.0882778763771,129.68465043930337,-2.2867554426193237
map,-122.3382015824318,129.4066810789518,-2.2981327772140503
map,-122.5853710770607,129.13406755356118,-2.3089100122451782
map,-122.82748228311539,128.86557390121743,-2.3170872926712036
map,-123.06308561563492,128.60168840317056,-2.326809048652649
map,-123.29333311319351,128.34415056137368,-2.335301995277405
map,-123.5189648270607,128.09277727035806,-2.3428133726119995
map,-123.74151426553726,127.84961320785806,-2.3516234159469604
map,-123.95908933877945,127.6110496702604,-2.361596703529358
map,-124.16943937540054,127.37817766098306,-2.369132876396179
map,-124.37228971719742,127.1509437742643,-2.377449631690979
map,-124.56811338663101,126.93002702621743,-2.3898614645004272
map,-124.76038175821304,126.71814348129556,-2.397530198097229
map,-124.94701200723648,126.51445390610024,-2.404279112815857
map,-125.1280956864357,126.31807329086587,-2.4163507223129272
map,-125.30518919229507,126.12797166733071,-2.4300025701522827
map,-125.47422605752945,125.94137956527993,-2.4394181966781616
map,-125.63747984170914,125.7593422117643,-2.4494274854660034
